	2R:2671861	2R:2680830	2R:2685624	2R:2689592	2R:2702115	2R:2704555	2R:2713127	2R:2729275	2R:2735121	2R:2753564	2R:2757813	2R:2784142	2R:2818949	2R:4814100	2R:4833073	2R:5112921	2R:5116484	2R:5133075	2R:5140229	2R:5145175	2R:5149686	2R:5158663	2R:5169731	2R:5185057	2R:5186194	2R:5195316	2R:5320603	2R:5356940	2R:5360164	2R:5366538	2R:5630676	2R:5631283	2R:5640360	2R:5657671	2R:5666700	2R:5676279	2R:5716285	2R:5740273	2R:5756984	2R:5764668	2R:5773764	2R:5778661	2R:5794682	2R:5804390	2R:5820559	2R:6120187	2R:6154966	2R:6168597	2R:6196037	2R:6210785	2R:6255022	2R:6287692	2R:6302584	2R:6310323	2R:6326562	2R:6333882	2R:6338273	2R:6344360	2R:6346315	2R:6351379	2R:6354791	2R:6362935	2R:6365883	2R:6369736	2R:6378718	2R:6381312	2R:6383751	2R:6386187	2R:6395029	2R:6397793	2R:6401263	2R:11446526	2R:11449686	2R:11455656	2R:11457307	2R:11458648	2R:11509999	2R:11535324	2R:11556532	2R:11869529	2R:11908024	2R:11917774	2R:11934746	2R:11941629	2R:16403217	2R:16408104	2R:16413731	2R:16414988	2R:16416780	2R:16419617	2R:16430999	2R:16432457	2R:16434210	2R:16435241	2R:16435927	2R:16439765	2R:16441298	2R:16443219	2R:16444884	2R:16447184	2R:16458368	2R:16459056	2R:16460850
indivA12_AATAAG	1	1	1	1	1	1	1	1	1	1	1	1	1	1	1	1	1	1	1	1	1	1	1	1	1	1	1	1	1	1	1	1	1	1	1	1	1	1	1	1	1	1	1	1	1	1	1	1	1	1	1	1	1	1	1	1	1	1	1	1	1	1	1	1	1	1	1	1	1	1	1	1	1	1	1	1	1	1	1	1	1	1	1	1	1	1	1	1	1	1	1	1	1	1	1	1	1	1	1	1	1	1	1
indivE12_GTATCG	0.023197	0.21229	0.313362	0.397019	0.661041	0.691591	0.782275	0.825637	0.841335	0.890859	0.902269	0.920934	0.945288	1	1	1	1	1	1	1	1	1	1	1	1	1	1	1	1	1	1	1	1	1	1	1	1	1	1	1	1	1	1	1	1	1	1	1	1	1	1	1	1	1	1	1	1	1	1	1	1	1	1	1	1	1	1	1	1	1	1	1	1	1	1	1	1	1	1	1	1	1	1	1	1	1	1	1	1	1	1	1	1	1	1	1	1	1	1	1	1	1	1
indivE2_CAGCCG	1	1	1	1	1	1	1	1	1	1	1	1	1	1	1	1	1	1	1	1	1	1	1	1	1	1	1	1	1	1	1	1	1	1	1	1	1	1	1	1	1	1	1	1	1	1	1	1	1	1	1	1	1	1	1	1	1	1	1	1	1	1	1	1	1	1	1	1	1	1	1	0.720846	0.622722	0.437342	0.386076	0.344435	0.310496	0.285055	0.233829	0.182664	0.118352	0.096344	0.058033	0.042496	0	0	0	0	0	0	0	0	0	0	0	0	0	0	0	0	0	0	0
indivE4_TAGGAG	0	0	0	0	0	0	0	0	0	0	0	0	0	0	0	0	0	0	0	0	0	0	0	0	0	0	0	0	0	0	0	0	0	0	0	0	0	0	0	0	0	0	0	0	0	0	0	0	0	0	0	0	0	0	0	0	0	0	0	0	0	0	0	0	0	0	0	0	0	0	0	0	0	0	0	0	0	0	0	0	0	0	0	0	0	0	0	0	0	0	0	0	0	0	0	0	0	0	0	0	0	0	0
indivE8_CTAACG	0	0	0	0	0	0	0	0	0	0	0	0	0	0	0	0	0	0	0	0	0	0	0	0	0	0	0	0	0	0	0	0	0	0	0	0	0	0	0	0	0	0	0	0	0	0	0	0	0	0	0	0	0	0	0	0	0	0	0	0	0	0	0	0	0	0	0	0	0	0	0	0	0	0	0	0	0	0	0	0	0	0	0	0	0	0	0	0	0	0	0	0	0	0	0	0	0	0	0	0	0	0	0
indivF11_GTTACG	1	1	1	1	1	1	1	1	1	1	1	1	1	1	1	1	1	1	1	1	1	1	1	1	1	1	1	1	1	1	1	1	1	1	1	1	1	1	1	1	1	1	1	1	1	1	1	1	1	1	1	1	1	1	1	1	1	1	1	1	1	1	1	1	1	1	1	1	1	1	1	1	1	1	1	1	1	1	1	1	1	1	1	1	0.935414	0.893984	0.845581	0.834768	0.804045	0.755406	0.560266	0.535269	0.505215	0.487539	0.475778	0.409977	0.383694	0.350759	0.322214	0.282781	0.091036	0.079241	0.048483
indivG7_CTTGCG	1	1	1	1	1	1	1	1	1	1	1	1	1	0.944742	0.911336	0.841533	0.83053	0.779294	0.757201	0.726767	0.699009	0.643772	0.575668	0.481363	0.467419	0.248202	0.157472	0.052596	0.042554	0.013849	0	0	0	0	0	0	0	0	0	0	0	0	0	0	0	0	0	0	0	0	0	0	0	0	0	0	0	0	0	0	0	0	0	0	0	0	0	0	0	0	0	0	0	0	0	0	0	0	0	0	0	0	0	0	0	0	0	0	0	0	0	0	0	0	0	0	0	0	0	0	0	0	0
indivH12_TTGACG	0	0	0	0	0	0	0	0	0	0	0	0	0	0	0	0	0	0	0	0	0	0	0	0	0	0	0	0	0	0	0.476711	0.498967	0.52101	0.563049	0.584976	0.608239	0.705392	0.763647	0.804229	0.82289	0.844979	0.856871	0.895778	0.911148	0.936748	0.982263	0.982359	0.982397	0.982412	0.982414	0.98266	0.982746	0.982777	0.982793	0.982826	0.984975	0.986293	0.988121	0.988415	0.988912	0.989248	0.990047	0.990337	0.990715	0.991597	0.991852	0.992092	0.992331	0.993199	0.993471	0.993812	1	1	1	1	1	1	1	1	1	1	1	1	1	1	1	1	1	1	1	1	1	1	1	1	1	1	1	1	1	1	1	1
indivH6_GTCCGG	0	0	0	0	0	0	0	0	0	0	0	0	0	0	0	0	0	0	0	0	0	0	0	0	0	0	0	0	0	0	0	0	0	0	0	0	0	0	0	0	0	0	0	0	0	0	0	0	0	0	0	0	0	0	0	0	0	0	0	0	0	0	0	0	0	0	0	0	0	0	0	0	0	0	0	0	0	0	0	0	0	0	0	0	0	0	0	0	0	0	0	0	0	0	0	0	0	0	0	0	0	0	0
indivH9_GTCGCG	1	1	1	1	1	1	1	1	1	1	1	1	1	1	1	0.999995	0.999995	0.999994	0.999992	0.99999	0.999988	0.999985	0.99998	0.999974	0.999974	0.99997	0.99956	0.999116	0.999037	0.998754	0.997895	0.997895	0.997894	0.997892	0.997891	0.997888	0.99788	0.99787	0.997862	0.997859	0.997855	0.997853	0.997845	0.997841	0.997834	0.928142	0.895486	0.874648	0.832698	0.810152	0.742524	0.692579	0.669813	0.657982	0.633156	0.621966	0.595523	0.558868	0.547095	0.5166	0.496053	0.44701	0.429258	0.383018	0.275224	0.244093	0.214823	0.185588	0.079475	0.046304	0.00466	0	0	0	0	0	0	0	0	0	0	0	0	0	0	0	0	0	0	0	0	0	0	0	0	0	0	0	0	0	0	0	0
